{"cameraMode":{"drawMode":0,"name":"Shaded","section":"Shading Mode"},"sceneLighting":true,"audioPlay":false,"sceneViewState":{"showFog":false,"showMaterialUpdate":false,"showSkybox":false,"showFlares":false,"showImageEffects":false,"showParticleSystems":false},"in2DMode":false,"pivot":{"x":653.7448120117188,"y":330.8299560546875,"z":743.903564453125},"rotation":{"x":-0.13379301130771638,"y":0.8514207601547241,"z":-0.2625446915626526,"w":-0.43388426303863528},"size":531.7848510742188,"orthographic":false}