{"cameraMode":{"drawMode":0,"name":"Shaded","section":"Shading Mode"},"sceneLighting":true,"audioPlay":false,"sceneViewState":{"showFog":false,"showMaterialUpdate":false,"showSkybox":false,"showFlares":false,"showImageEffects":false,"showParticleSystems":false},"in2DMode":false,"pivot":{"x":772.4443359375,"y":-86.09495544433594,"z":763.4993896484375},"rotation":{"x":-0.13379301130771638,"y":0.8514207601547241,"z":-0.2625446915626526,"w":-0.43388426303863528},"size":220.4374542236328,"orthographic":false}