{"cameraMode":{"drawMode":0,"name":"Shaded","section":"Shading Mode"},"sceneLighting":true,"audioPlay":false,"sceneViewState":{"showFog":false,"showMaterialUpdate":false,"showSkybox":false,"showFlares":false,"showImageEffects":false,"showParticleSystems":false},"in2DMode":false,"pivot":{"x":700.1463012695313,"y":260.1453552246094,"z":761.9766235351563},"rotation":{"x":-0.13379301130771638,"y":0.8514207601547241,"z":-0.2625446915626526,"w":-0.43388426303863528},"size":179.28131103515626,"orthographic":false}